refund_id,payment_id,created_at,amount_paise,type,settlement_id,status
rfnd_7l4xr1wg7scwbv,pay_k90rdkougbp6if,2026-03-12,34207,refund,setl_pjr716gfgceh8w,processed
rfnd_aq54b4gfe0oonm,pay_sstk4rfpagp1j8,2026-02-04,130800,refund,setl_loeej8p0363err,processed
rfnd_ooarr5q8795qa9,pay_s90q6uocxqbfox,2026-01-14,48900,chargeback,setl_opdcf6j5wixc2v,processed
rfnd_vghugah6bps45c,pay_etml4oxh5voeki,2026-02-22,95796,refund,setl_qal9h36vfum300,processed
rfnd_12i400q2ikpkgl,pay_qhvas5n159bvbm,2026-02-23,639800,refund,setl_2ejmt21xr8n21l,processed
rfnd_i3nc6onoy4xpmc,pay_jpd2zrtylt2xjt,2026-03-18,69100,refund,setl_i779xkgycurgiw,processed
rfnd_b1d29fsrtx28rq,pay_psc0g8099w5t46,2026-02-16,289700,refund,setl_hyo0coscm1600j,processed
rfnd_5ueelplxgs9pzd,pay_jsvz7kdkwr1syn,2026-03-12,501200,refund,setl_pjr716gfgceh8w,processed
rfnd_1sstgfvd41sepg,pay_bogxqttfenb8nr,2026-03-24,114500,refund,setl_bjuqk7c3un19bl,processed
rfnd_jxvf4bmrzmdq9e,pay_rizxaiab4j5eq9,2026-02-14,65600,refund,setl_9hpnkvdkx29mhx,processed
rfnd_ua0qiaa81utwzi,pay_rk76qwqikta9km,2026-03-21,48000,refund,setl_lkgzbjhy4tfgax,processed
rfnd_ms8i1hz4tbz608,pay_wec37bl7w3mibi,2026-02-17,41860,refund,setl_9994rz2os2zywh,processed
rfnd_n4n9ayvr8dj8ep,pay_wxi3j1ja8pz08a,2026-03-23,349000,refund,setl_ihlz60xnvw9v27,processed
rfnd_klef50te1grk9e,,2026-01-17,132400,refund,setl_jrm8iuv8pwnbst,processed
rfnd_7594abfd53zxjl,pay_efz9f088fuu27u,2026-02-10,76396,refund,setl_ex4ek002gc2r1u,processed
rfnd_3blich3rqjjgnq,pay_8g7hhmyyhzizg7,2026-02-27,480700,refund,setl_wg96a9tv3603ep,processed
rfnd_jhfmz6m0db1rdx,pay_5vdtmmvek5giqw,2026-02-25,304400,refund,setl_fjubwhj4nuw113,processed
rfnd_z8zr02ykggp0kk,pay_24f1fght41rvoh,2026-02-24,145200,refund,setl_dlrkavuq1t51a1,processed
rfnd_z3w8anqu8lk3ji,pay_rjgov69x39daut,2026-03-09,69700,refund,setl_6qsiife23ixpuu,processed
rfnd_n6z85sdnlkji2z,pay_pyxqzarfcm0h2c,2026-03-21,69800,refund,setl_lkgzbjhy4tfgax,processed
rfnd_s1ldyt7t3fr7oe,pay_hiz0jc9p2q55l2,2026-02-06,451295,chargeback,setl_x9629fsv80nszb,processed
rfnd_6x8gzio8mm6frm,pay_xc2t8c9srkxzdz,2026-02-13,157600,refund,setl_9hpnkvdkx29mhx,processed
rfnd_0pq5suhqcrpfd6,,2026-02-24,61900,refund,setl_dlrkavuq1t51a1,processed
rfnd_hv2ps3izbiibbh,pay_4cov4e5kthjb4x,2026-02-07,663300,refund,setl_x9629fsv80nszb,processed
rfnd_m1xpb0yfcciexi,pay_k7dpm2lvka39mj,2026-03-26,144700,refund,setl_86tilepkwugepq,processed
rfnd_z7bwzx1r0yfkm2,pay_qroltb1alot96t,2026-03-11,131300,refund,setl_mi7tt2ol7lcfi6,processed
rfnd_pb1lrtv5saj3hv,pay_369zdd4xfesyrm,2026-02-03,666100,refund,setl_cb3atkunlhj9mi,processed
rfnd_qqjq6n7enk6kbn,pay_2sip5ijtmegpbk,2026-03-14,107100,refund,setl_ob1zbkbpqox76q,processed
rfnd_tktxceqke89x4z,pay_bmbzpk3exbyg4j,2026-03-10,220000,refund,setl_cy02355rxf3dgx,processed
rfnd_hhe81zzc0tjdx7,pay_df8nd2klw0fv8n,2026-02-04,326300,refund,setl_loeej8p0363err,processed
rfnd_k7s4gfooony7rx,pay_hz1kdjludax6fl,2026-03-14,162300,refund,setl_ob1zbkbpqox76q,processed
rfnd_rx30zjrehu32q2,pay_ip4oj2zuf4j3yj,2026-02-08,82900,refund,setl_x9629fsv80nszb,processed
rfnd_hlc4b0p74aawdt,pay_n4wdwd79mu6hei,2026-01-25,141000,refund,setl_pe6faz7kvftyvi,processed
rfnd_wdzfjxy3x4drqy,pay_zwd58ick9mtnjp,2026-03-25,62500,refund,setl_d932kldoq526i0,processed
rfnd_i6wpwj91u3yyhh,pay_i3d6ugosbjog10,2026-02-02,246600,refund,setl_l3k3kfcno0zwp9,processed
rfnd_q6cgk4aa0ptwmp,pay_rjt4ys4x2sohpk,2026-03-01,325900,chargeback,setl_wg96a9tv3603ep,processed
rfnd_rezztmavfacgza,pay_5g6jqpz3b4pihj,2026-03-07,71400,refund,setl_8rcowtf1l5jtt6,processed
rfnd_r240h3200nqbm5,pay_9gcuv4dw33zvhk,2026-03-26,52100,refund,setl_86tilepkwugepq,processed
rfnd_juzf7n9wha45s7,pay_5ek8sk9bvo7h2c,2026-03-19,148600,refund,setl_hjydfszyf4rzmu,processed
rfnd_phcep9wn3jw350,pay_nz4wnzcvisbypk,2026-02-02,72800,refund,setl_l3k3kfcno0zwp9,processed
rfnd_2zvc6dlmokh17x,pay_uk2rf02jixjklh,2026-03-19,46498,refund,setl_hjydfszyf4rzmu,processed
rfnd_rskkrm2b8prmx0,pay_z8vug9ewubz9y5,2026-03-14,73000,refund,setl_ob1zbkbpqox76q,processed
rfnd_km0enfa5mfll1u,pay_iygl11vxbfq0l3,2026-02-11,56300,refund,setl_owvw9a3grfow7z,processed
rfnd_74j3j0e8phzb4d,pay_9vc70z1f9s2zk7,2026-03-18,43100,refund,setl_i779xkgycurgiw,processed
rfnd_gy9dkjbzv2vcqr,pay_9qjjwn2pjehjrj,2026-01-31,863800,refund,setl_4sse8tbudyqcih,processed
rfnd_i3iyb5lzu92fi0,pay_8miiae346la0mm,2026-02-06,35800,refund,setl_x9629fsv80nszb,processed
rfnd_o9yvqros2q1i37,pay_k53imb55jd17ko,2026-02-10,47640,refund,setl_ex4ek002gc2r1u,processed
rfnd_lk1rg2kg8r1o57,pay_qctoti1arflvgh,2026-02-25,53900,refund,setl_fjubwhj4nuw113,processed
rfnd_e8muvdqj52ujtq,pay_gzx0ms2g2c6opq,2026-03-01,120200,refund,setl_wg96a9tv3603ep,processed
rfnd_jj8w46smcuvcau,pay_bopbh05mnwaw3k,2026-02-10,146800,refund,setl_ex4ek002gc2r1u,processed
rfnd_61rwa4tsa4tsa3,pay_pu5xlurcw5r7qy,2026-03-03,83200,refund,setl_s36ohm15574nxh,processed
rfnd_pj6qpigq74mhnv,pay_ynrlkth4k3hp09,2026-02-17,49468,refund,setl_9994rz2os2zywh,processed
rfnd_kvz31ewzkpl7sw,pay_yq637of0e2ynic,2026-03-01,289000,refund,setl_wg96a9tv3603ep,processed
rfnd_k4np73ckoapdig,pay_s7h5x6w05kdgrz,2026-03-25,31200,refund,setl_d932kldoq526i0,processed
rfnd_k2ua8bqmgfxgsq,pay_kvrozryn7fdcyl,2026-01-11,164500,refund,setl_h9o3muublta3bw,processed
rfnd_hxsvoe1efv5dn0,pay_q5ib5mndbgsbvm,2026-02-19,619300,refund,setl_57dkr8we1ld4hf,processed
rfnd_80hsmo2c800gs6,pay_71kud8z810af7u,2026-01-19,125500,refund,setl_ckovgkmddyvf20,processed
rfnd_qkiq3rj7ljfxti,pay_zydrha3w2z0q3t,2026-02-15,70500,refund,setl_9hpnkvdkx29mhx,processed
rfnd_0ectfle5jzyj4u,pay_ezvezowlwydb7e,2026-03-01,15006,refund,setl_wg96a9tv3603ep,processed
rfnd_8fsu23ypzpl1i7,pay_5nfkpuvon1hj48,2026-02-17,324900,refund,setl_9994rz2os2zywh,processed
rfnd_bocqvdr1uyckyn,pay_f69bu37p43v346,2026-03-07,54200,refund,setl_8rcowtf1l5jtt6,processed
rfnd_uwi5fj073n87p7,pay_sp1dz0ji34mrco,2026-03-26,23730,refund,setl_86tilepkwugepq,processed
rfnd_8iihim3dvdi7tk,pay_v2ik8ux1d2nuvm,2026-02-12,29900,refund,setl_blfhrgh8cu53a4,processed
rfnd_d7fn71zsunb2x5,pay_22f3chq0o9sdcj,2026-03-25,62300,refund,setl_d932kldoq526i0,processed
rfnd_34dg57o5c42xvj,pay_1w78l2bwbr08xd,2026-01-22,67100,refund,setl_olhoefx33wper0,processed
rfnd_rqv0hjc8aatkbm,pay_qvf0ev4uuzqhv9,2026-01-26,148700,refund,setl_r7od0iq6cc73mp,processed
rfnd_u3wtxn9que56ux,pay_mk6m8h5igxe4ek,2026-02-22,34100,refund,setl_qal9h36vfum300,processed
rfnd_5aqh30xwef0idv,pay_yha2u9hqzrv1gv,2026-03-05,348600,refund,setl_1pprr34her4zyz,processed
rfnd_06aswetktclh0j,pay_mt3kbmav7882c8,2026-03-14,95500,refund,setl_ob1zbkbpqox76q,processed
rfnd_qsx6ruo8uugb76,pay_x9wm6k4x67x6dm,2026-02-01,62100,refund,setl_4sse8tbudyqcih,processed
rfnd_atq0xh8zd7id1w,pay_kqjo5yyyhci6uu,2026-02-07,75800,refund,setl_x9629fsv80nszb,processed
rfnd_68dcqkbko1azsp,pay_yzrkc85fqvsoeb,2026-02-11,131500,refund,setl_owvw9a3grfow7z,processed
rfnd_so5b45vef600xj,pay_d8r3llk1u48xlb,2026-03-22,162200,refund,setl_lkgzbjhy4tfgax,processed
rfnd_6bwbq9srpom616,pay_126njwdn2g7vsb,2026-02-05,148200,refund,setl_9redif5czb1c2o,processed
rfnd_tpi18d0hg4h6wk,pay_0uyiptyw1eihvq,2026-03-05,134057,refund,setl_1pprr34her4zyz,processed
rfnd_s5otggzwgn0hv4,pay_i78hpk4eb34pqp,2026-03-19,129900,refund,setl_hjydfszyf4rzmu,processed
rfnd_nb9aybayd1r7nm,pay_39ehl97o1o3fad,2026-01-20,78400,refund,setl_i1ppblfh8tj5m7,processed
rfnd_xbrrehgt35sp52,,2026-01-25,64600,chargeback,setl_pe6faz7kvftyvi,processed
rfnd_se1k8mdm3w3lh8,pay_9blcxh1jf18tls,2026-01-17,77200,refund,setl_jrm8iuv8pwnbst,processed
rfnd_w43tw8y2jylbo0,pay_tmdcde4lgihlz8,2026-01-19,512904,chargeback,setl_ckovgkmddyvf20,processed
rfnd_t5tokoa9jta9xj,pay_h2hadl4vmen0oj,2026-01-16,661000,refund,setl_jrm8iuv8pwnbst,processed
rfnd_hvxuqk3yag42rj,pay_i8gdqe8zsuwvyo,2026-02-06,253100,refund,setl_x9629fsv80nszb,processed
rfnd_8a3edg4xhc9y0s,pay_k1xu3ljk1g39rf,2026-03-20,72850,chargeback,setl_lkgzbjhy4tfgax,processed
rfnd_audpm4u4a7rmfz,pay_bxebb8zqx0lu0x,2026-01-24,48300,refund,setl_pe6faz7kvftyvi,processed
rfnd_he312xgoyht31q,pay_7ydk3eqmgy6fje,2026-03-11,32900,refund,setl_mi7tt2ol7lcfi6,processed
rfnd_po4e09v40qfkeg,pay_amp0zorr1r04gp,2026-03-07,102200,refund,setl_8rcowtf1l5jtt6,processed
rfnd_kvyz4ozdfhg26g,pay_6cxdlhct465lls,2026-02-10,30016,refund,setl_ex4ek002gc2r1u,processed
rfnd_73atevjxssjpyg,pay_5akcvny6der809,2026-02-24,403200,refund,setl_dlrkavuq1t51a1,processed
rfnd_1g3qcwqhj7jic6,pay_41zu1btb5ueax7,2026-02-16,70700,refund,setl_hyo0coscm1600j,processed
rfnd_pl8ek7dbcopebb,pay_eg96l17uvydqmo,2026-01-26,50800,refund,setl_r7od0iq6cc73mp,processed
rfnd_oss2ryh5014amc,pay_5iub7skqlh5xb6,2026-03-07,85700,refund,setl_8rcowtf1l5jtt6,processed
rfnd_nxvdpb3ndt3ahw,pay_f3unpxgedh4v1o,2026-01-30,119900,refund,setl_4sse8tbudyqcih,processed
rfnd_k0uwpizdqvkxaf,pay_m8obzemauxsn1o,2026-01-19,33100,refund,setl_ckovgkmddyvf20,processed
rfnd_tthjw7rth3ytut,pay_mi673hwqcu66fs,2026-03-05,270700,refund,setl_1pprr34her4zyz,processed
rfnd_dkv71qmttzn9nt,pay_iraj6uuzwit266,2026-01-24,72400,refund,setl_pe6faz7kvftyvi,processed
rfnd_d8fdzn0tiqlskq,pay_3w6n32wga4mekl,2026-01-14,42606,refund,setl_opdcf6j5wixc2v,processed
rfnd_po2xi03e3abtch,pay_b78yb90nfsqtob,2026-02-27,232500,refund,setl_wg96a9tv3603ep,processed
rfnd_vn6vsyppxte5mn,pay_bn4gmadwnj1yts,2026-03-25,124900,refund,setl_d932kldoq526i0,processed
rfnd_ie7afplta94hmr,pay_ag42e01vkmpin6,2026-02-07,110400,chargeback,setl_x9629fsv80nszb,processed
rfnd_5hike8vo6d5gb4,pay_omgd6unql1rexi,2026-03-09,534700,refund,setl_6qsiife23ixpuu,processed
rfnd_u3uaj9a0l8f1j8,pay_42j8zcb06r8c08,2026-03-06,663114,refund,setl_8rcowtf1l5jtt6,processed
rfnd_o58x8236cimd88,pay_iy6nrv4laoll44,2026-03-23,822500,refund,setl_ihlz60xnvw9v27,processed
rfnd_jtcfh1zrwcynbw,pay_xaojynbchaijh8,2026-03-16,107100,refund,setl_9ziplehvmcpcg3,processed
rfnd_3u724b71rn528z,pay_scneevwzvogtzr,2026-03-20,22920,refund,setl_lkgzbjhy4tfgax,processed
rfnd_mf5kf1hopvilem,pay_oyj27cq2pck0r1,2026-01-29,36844,refund,setl_j502p555prthl8,processed
rfnd_nrqsxt6x6ddafe,pay_04l9fpit26dgdb,2026-03-27,31500,refund,setl_wqkvxto3gxvlu7,processed
rfnd_4o2faguwp9q9xp,pay_e6jhl56i5n1avo,2026-02-23,72100,refund,setl_2ejmt21xr8n21l,processed
rfnd_hw5jt9xpyfkbgy,pay_3kqlrlbno7srnt,2026-02-26,57800,refund,setl_t8widn28c970o0,processed
rfnd_rif4ribbm0poqm,pay_hsfvyiv2ri13gp,2026-02-28,183100,refund,setl_wg96a9tv3603ep,processed
rfnd_0z7yg7au2zgtx0,pay_2merw77exod5cs,2026-02-08,30600,refund,setl_x9629fsv80nszb,processed
rfnd_ndo44fbk6cznzr,pay_n73e82tzf9s4yl,2026-03-01,68200,refund,setl_wg96a9tv3603ep,processed
rfnd_juq21yg6wv8t4j,pay_1v44vexg2a8uax,2026-03-09,116400,refund,setl_6qsiife23ixpuu,processed
rfnd_toigfu3zsfu8m0,pay_9q434t4ar9yev1,2026-02-19,94100,refund,setl_57dkr8we1ld4hf,processed
rfnd_1v44oo7zzfypjk,pay_02ysm0yfp9enmn,2026-03-18,48500,refund,setl_i779xkgycurgiw,processed
rfnd_tpj2s8hyoqdxtf,pay_stkaordsuu2ftd,2026-02-23,91000,refund,setl_2ejmt21xr8n21l,processed
rfnd_7yucbf560lep2r,pay_gwwzodn89r5uzr,2026-01-20,89316,refund,setl_i1ppblfh8tj5m7,processed
rfnd_9zuhs3x62qfo09,pay_2xf0zr4euh8ftp,2026-02-05,101500,refund,setl_9redif5czb1c2o,processed
rfnd_4sel10rfehsuv5,,2026-01-22,187700,refund,setl_olhoefx33wper0,processed
rfnd_g6ur9eo82eqz64,pay_ys6x2apj6cztu5,2026-03-17,202208,refund,setl_nf76s64rcbd6hk,processed
rfnd_0zxyvad4gh1wxw,pay_sjfm2dr650ftak,2026-02-16,192100,refund,setl_hyo0coscm1600j,processed
rfnd_g8fi54ikdrqxgv,pay_m2q004ao1m2e2y,2026-03-26,33100,refund,setl_86tilepkwugepq,processed
rfnd_ycdcp0s4j0m4n2,pay_9yqak50m54tn06,2026-02-15,130900,refund,setl_9hpnkvdkx29mhx,processed
rfnd_1xamsz1jomyci1,pay_8hukdxzgb0hpkk,2026-03-15,58300,refund,setl_ob1zbkbpqox76q,processed
rfnd_o7byxxoycaliix,pay_b747b2nltv53d7,2026-03-14,40700,refund,setl_ob1zbkbpqox76q,processed
rfnd_ywsinp7i2atptz,pay_y7bpqodyczc6jm,2026-02-20,185300,refund,setl_qal9h36vfum300,processed
rfnd_zuoec49699w0rp,pay_59my3a6tcqezr3,2026-02-06,45700,refund,setl_x9629fsv80nszb,processed
rfnd_y1ybzzfextql1n,pay_ttrfwean1n5vm3,2026-01-17,236000,refund,setl_jrm8iuv8pwnbst,processed
rfnd_5p9y49m2sn75m0,pay_j0k6g44k6obdi8,2026-01-29,138500,refund,setl_j502p555prthl8,processed
rfnd_0g8ewqhwyh6r5b,pay_titzy0ehhu29cw,2026-03-16,22140,refund,setl_9ziplehvmcpcg3,processed
rfnd_xj3gt2fv9910bn,pay_trwokbqk881gdf,2026-03-09,216400,refund,setl_6qsiife23ixpuu,processed
rfnd_tj660d0kt5586p,pay_4evkpo4b3uv98l,2026-01-08,69900,refund,setl_xx3zh6x38f6k9i,processed
rfnd_zke9chokzwl9qm,pay_odm87ude769eb0,2026-02-23,60300,refund,setl_2ejmt21xr8n21l,processed
rfnd_msy21tfw1sjwha,pay_wd7p6szj1575pn,2026-02-13,126000,refund,setl_9hpnkvdkx29mhx,processed
rfnd_62hpy7mvqqxjl0,pay_gtoo2eoudnxxuw,2026-03-10,177200,refund,setl_cy02355rxf3dgx,processed
rfnd_0c257n08wjw5pg,pay_fpoifsqf4pf5bn,2026-02-24,144200,refund,setl_dlrkavuq1t51a1,processed
rfnd_gmvlu4vue1j8l9,pay_h7admxygbr4fh5,2026-02-21,194400,refund,setl_qal9h36vfum300,processed
rfnd_or383arjw5c8ga,pay_aidkxo3jze02my,2026-03-11,43700,refund,setl_mi7tt2ol7lcfi6,processed
rfnd_6p1ylb735r9w3h,pay_8ncn8fn0nkkbvm,2026-02-06,68900,refund,setl_x9629fsv80nszb,processed
rfnd_6lzt8m7vi7fda7,pay_c94uh2jr83kogl,2026-02-17,40100,refund,setl_9994rz2os2zywh,processed
rfnd_2x5heve37qnuib,pay_qzlmiqwd6j7bfy,2026-02-05,52845,refund,setl_9redif5czb1c2o,processed
rfnd_onnziwsm2562af,pay_q07nt2zln31jh5,2026-03-14,87552,refund,setl_ob1zbkbpqox76q,processed
rfnd_k6dagm1uj7gotd,pay_nlugt8fr12gadd,2026-01-23,74600,refund,setl_pe6faz7kvftyvi,processed
rfnd_1rjinmziox5kkg,pay_n8wkuwr5aehu4b,2026-02-04,113600,refund,setl_loeej8p0363err,processed
rfnd_l2200h6g62knzl,pay_otqoq14i4llqua,2026-01-28,268800,refund,setl_nxu2v0awbwkxj5,processed
rfnd_nmc38w0z4yw6ts,pay_erdoa64l8z2oby,2026-01-18,216500,refund,setl_jrm8iuv8pwnbst,processed
rfnd_82olnawhf7rvt0,pay_t5vjnvk7ex548h,2026-02-11,41995,refund,setl_owvw9a3grfow7z,processed
rfnd_w7h6qlz2qstdpi,pay_hfidm0wj0f5vl2,2026-03-08,65520,refund,setl_8rcowtf1l5jtt6,processed
rfnd_5tqg8ekl7yuz8y,pay_5rwxf9okzjw24s,2026-01-16,143200,refund,setl_jrm8iuv8pwnbst,processed
rfnd_2g2sip17pgjbbg,pay_tn8a087zl3vrj5,2026-03-16,232400,refund,setl_9ziplehvmcpcg3,processed
rfnd_tcesowcngpsxh3,pay_uidvwswzii5oei,2026-03-08,30065,refund,setl_8rcowtf1l5jtt6,processed
rfnd_r59pw0p82ct33l,pay_357hk9ipyb5c3n,2026-03-04,300400,refund,setl_id6lid416qfq61,processed
rfnd_sm7ez7lf1qrtn8,pay_tvnv14a0sr3aj3,2026-01-18,69300,refund,setl_jrm8iuv8pwnbst,processed
rfnd_yvkv3h7yaqcvae,pay_ktgu9086l66iv2,2026-02-01,116100,refund,setl_4sse8tbudyqcih,processed
rfnd_4r3r8fwhn4ovbk,pay_m9jgvwkcrsba7m,2026-02-23,23936,chargeback,setl_2ejmt21xr8n21l,processed
rfnd_i51j7s38mfj2it,pay_10gh279eburb7e,2026-03-20,63000,refund,setl_lkgzbjhy4tfgax,processed
rfnd_tq5vl11v2i6zhv,pay_dfgy2ra9ghou17,2026-02-15,252500,refund,setl_9hpnkvdkx29mhx,processed
rfnd_sl60yafssxwmie,pay_6n3wmuwnjic9pi,2026-02-16,59500,refund,setl_hyo0coscm1600j,processed
rfnd_r790nfaah5r48d,pay_i7phq0oueuvhs1,2026-02-06,218900,refund,setl_x9629fsv80nszb,processed
rfnd_db18taeiprcs1i,pay_l9uu9rjib7xwd5,2026-03-19,93440,refund,setl_hjydfszyf4rzmu,processed
rfnd_58dijwok6vnvhp,pay_w27q4qhabe1pp2,2026-02-21,80500,refund,setl_qal9h36vfum300,processed
rfnd_38z63m6fod1brw,pay_4z24owj07oifaf,2026-02-04,58036,refund,setl_loeej8p0363err,processed
rfnd_b0gsi035dzq4il,pay_ndr27q05n7ujh9,2026-03-26,40300,refund,setl_86tilepkwugepq,processed
rfnd_w2e9ptwo9kqzke,pay_wwhv4fmcxcozfp,2026-03-22,76300,refund,setl_lkgzbjhy4tfgax,processed
rfnd_wq2a1q2d2u5kww,pay_d3raqgowlvr13q,2026-03-03,458700,refund,setl_s36ohm15574nxh,processed
rfnd_dixrqhv6rkr9ve,pay_ym5fh0dkmfasx4,2026-03-05,35800,refund,setl_1pprr34her4zyz,processed
rfnd_ceb21e8xwtrcot,pay_2d44ksqv3o51wk,2026-02-28,274700,refund,setl_wg96a9tv3603ep,processed
rfnd_aybyozbi639gu7,pay_1f6bmh2ywmxbka,2026-03-13,89244,refund,setl_ob1zbkbpqox76q,processed
rfnd_7kglr7t86um7ua,pay_vtdkr5hyauyzge,2026-02-12,124500,refund,setl_blfhrgh8cu53a4,processed
rfnd_kouhyop7rlmad9,pay_zlqpxxbt4ml3v2,2026-03-27,104300,refund,setl_wqkvxto3gxvlu7,processed
rfnd_va5lq52y1jf4k5,pay_qdb3mgw5sz4l3x,2026-03-29,51646,refund,setl_wqkvxto3gxvlu7,processed
rfnd_virvdaw1j7cbz4,pay_70z4t3drwhhl2r,2026-02-15,63300,refund,setl_9hpnkvdkx29mhx,processed
rfnd_b41ei4h2gnm1t5,pay_o5wpz3rzokbe18,2026-03-26,578700,refund,setl_86tilepkwugepq,processed
rfnd_z5cuub946mv7nn,pay_ec3i6p47bj9dxm,2026-02-05,33180,refund,setl_9redif5czb1c2o,processed
rfnd_erdlba0w353uer,pay_viwy9juuvftp2k,2026-03-05,132192,refund,setl_1pprr34her4zyz,processed
rfnd_6k6oiltuqa6u4c,pay_yaduqtuvcpy8pq,2026-03-17,96900,refund,setl_nf76s64rcbd6hk,processed
rfnd_r1a8fcozm8ro1c,pay_uul32oqcdmh33e,2026-03-28,123100,refund,setl_wqkvxto3gxvlu7,processed
